Name,Socket / CPU,Form Factor,Memory Max,Memory Slots,Color,Rating,Price
MSI B650 GAMING PLUS WIFI (53),Socket / CPUAM5,Form FactorATX,Memory Max192 GB,Memory Slots4,ColorBlack,(53),€153.00Add
MSI MAG B850 TOMAHAWK MAX WIFI (24),Socket / CPUAM5,Form FactorATX,Memory Max256 GB,Memory Slots4,ColorBlack / Green,(24),€255.90Add
Asus B650E MAX GAMING WIFI W (10),Socket / CPUAM5,Form FactorATX,Memory Max256 GB,Memory Slots4,ColorWhite,(10),€205.87Add
Asus PRIME B550M-A WIFI II (39),Socket / CPUAM4,Form FactorMicro ATX,Memory Max128 GB,Memory Slots4,ColorBlue / Silver,(39),€118.63Add
Gigabyte B850 AORUS ELITE WIFI7 (27),Socket / CPUAM5,Form FactorATX,Memory Max256 GB,Memory Slots4,ColorBlack,(27),€231.20Add
Asus TUF GAMING B850-PLUS WIFI (21),Socket / CPUAM5,Form FactorATX,Memory Max256 GB,Memory Slots4,ColorBlack / Silver,(21),€217.49Add
Asus TUF GAMING B650E-E WIFI (13),Socket / CPUAM5,Form FactorATX,Memory Max256 GB,Memory Slots4,ColorBlack,(13),€188.99Add
Gigabyte B550 EAGLE WIFI6 (2),Socket / CPUAM4,Form FactorATX,Memory Max128 GB,Memory Slots4,ColorBlack,(2),€130.80Add
Gigabyte A520M K V2 (11),Socket / CPUAM4,Form FactorMicro ATX,Memory Max64 GB,Memory Slots2,ColorBrown / Black,(11),€50.95Add
Asus ROG STRIX B850-A GAMING WIFI (9),Socket / CPUAM5,Form FactorATX,Memory Max192 GB,Memory Slots4,ColorWhite,(9),€245.00Add
MSI B550M PRO-VDH WIFI (141),Socket / CPUAM4,Form FactorMicro ATX,Memory Max128 GB,Memory Slots4,ColorBlack,(141),€87.99Add
Gigabyte X870E AORUS ELITE WIFI7 (15),Socket / CPUAM5,Form FactorATX,Memory Max256 GB,Memory Slots4,ColorBlack,(15),€313.90Add
Gigabyte B650 EAGLE AX (64),Socket / CPUAM5,Form FactorATX,Memory Max192 GB,Memory Slots4,ColorGray / Black,(64),€143.79Add
Asus Z790 GAMING WIFI7 (1),Socket / CPULGA1700,Form FactorATX,Memory Max192 GB,Memory Slots4,ColorSilver / Black,(1),Add
MSI MAG B550 TOMAHAWK MAX WIFI (37),Socket / CPUAM4,Form FactorATX,Memory Max128 GB,Memory Slots4,ColorSilver / Black,(37),€148.90Add
ASRock B850M Pro-A WiFi (9),Socket / CPUAM5,Form FactorMicro ATX,Memory Max256 GB,Memory Slots4,ColorBlack,(9),€134.69Add
Gigabyte B550M GAMING X WIFI6 (1),Socket / CPUAM4,Form FactorMicro ATX,Memory Max128 GB,Memory Slots4,ColorGray / Black,(1),€123.10Add
Asus ROG STRIX B550-F GAMING WIFI II (34),Socket / CPUAM4,Form FactorATX,Memory Max128 GB,Memory Slots4,ColorBlack / Red,(34),€170.00Add
MSI MAG B650 TOMAHAWK WIFI (141),Socket / CPUAM5,Form FactorATX,Memory Max256 GB,Memory Slots4,ColorBlack,(141),€174.95Add
MSI PRO B760-P WIFI DDR4 (14),Socket / CPULGA1700,Form FactorATX,Memory Max128 GB,Memory Slots4,ColorBlack,(14),€122.44Add
MSI MAG X870 TOMAHAWK WIFI (38),Socket / CPUAM5,Form FactorATX,Memory Max256 GB,Memory Slots4,ColorBlack,(38),€289.40Add
Gigabyte B550M K (21),Socket / CPUAM4,Form FactorMicro ATX,Memory Max128 GB,Memory Slots4,ColorBrown / Silver,(21),€74.38Add
Gigabyte B650M GAMING PLUS WIFI (11),Socket / CPUAM5,Form FactorMicro ATX,Memory Max192 GB,Memory Slots4,ColorSilver / Black,(11),€137.94Add
Asus ROG CROSSHAIR X870E EXTREME (2),Socket / CPUAM5,Form FactorEATX,Memory Max256 GB,Memory Slots4,ColorBlack / Silver,(2),€1009.43Add
ASRock B450M-HDV R4.0 (41),Socket / CPUAM4,Form FactorMicro ATX,Memory Max64 GB,Memory Slots2,ColorBlack / White,(41),€64.10Add
Gigabyte B760M GAMING PLUS WIFI DDR4 (4),Socket / CPULGA1700,Form FactorMicro ATX,Memory Max128 GB,Memory Slots4,ColorBlack / Silver,(4),€138.80Add
Gigabyte B850 GAMING X WIFI6E (6),Socket / CPUAM5,Form FactorATX,Memory Max256 GB,Memory Slots4,ColorGray / Black,(6),€209.95Add
Asus TUF GAMING B550-PLUS WIFI II (26),Socket / CPUAM4,Form FactorATX,Memory Max128 GB,Memory Slots4,ColorBlack / Gray,(26),Out of stock€153.90Add
Asus ROG STRIX X870E-E GAMING WIFI (13),Socket / CPUAM5,Form FactorATX,Memory Max256 GB,Memory Slots4,ColorBlack,(13),€482.95Add
ASRock B850I Lightning WiFi (18),Socket / CPUAM5,Form FactorMini ITX,Memory Max128 GB,Memory Slots2,ColorBlack,(18),€204.90Add
ASRock B650M Pro RS WiFi (82),Socket / CPUAM5,Form FactorMicro ATX,Memory Max256 GB,Memory Slots4,ColorBlack / Silver,(82),€290.12Add
MSI MPG B550 GAMING PLUS (89),Socket / CPUAM4,Form FactorATX,Memory Max128 GB,Memory Slots4,ColorBlack,(89),€119.90Add
Gigabyte X870 AORUS ELITE WIFI7 ICE (21),Socket / CPUAM5,Form FactorATX,Memory Max256 GB,Memory Slots4,ColorWhite,(21),€278.82Add
Asus ROG STRIX X870-A GAMING WIFI (14),Socket / CPUAM5,Form FactorATX,Memory Max256 GB,Memory Slots4,ColorWhite,(14),€369.55Add
ASRock B650M Pro RS (23),Socket / CPUAM5,Form FactorMicro ATX,Memory Max256 GB,Memory Slots4,ColorBlack / Silver,(23),€131.94Add
Gigabyte TRX40 DESIGNARE (0),Socket / CPUsTRX4,Form FactorXL ATX,Memory Max256 GB,Memory Slots8,ColorBlack / Silver,(0),Add
Asus ROG STRIX B850-I GAMING WIFI (10),Socket / CPUAM5,Form FactorMini ITX,Memory Max96 GB,Memory Slots2,ColorBlack,(10),€302.10Add
Asus TUF GAMING B650E-PLUS WIFI (4),Socket / CPUAM5,Form FactorATX,Memory Max256 GB,Memory Slots4,ColorBlack / Silver,(4),€179.90Add
Gigabyte B650 GAMING X AX V2 (63),Socket / CPUAM5,Form FactorATX,Memory Max192 GB,Memory Slots4,ColorGray / Black,(63),€147.63Add
Gigabyte B550M AORUS ELITE AX (8),Socket / CPUAM4,Form FactorMicro ATX,Memory Max128 GB,Memory Slots4,ColorBlack / Silver,(8),€154.69Add
Gigabyte B550 UD AC (10),Socket / CPUAM4,Form FactorATX,Memory Max128 GB,Memory Slots4,ColorBrown / Black,(10),Add
Asus ROG STRIX B850-F GAMING WIFI (3),Socket / CPUAM5,Form FactorATX,Memory Max192 GB,Memory Slots4,ColorBlack,(3),€280.40Add
Asus B760M-AYW WIFI D4 II (1),Socket / CPULGA1700,Form FactorMicro ATX,Memory Max64 GB,Memory Slots2,ColorBlack / Silver,(1),Add
MSI PRO Z790-A MAX WIFI (22),Socket / CPULGA1700,Form FactorATX,Memory Max256 GB,Memory Slots4,ColorSilver / Black,(22),Out of stock€260.80Add
Asus TUF GAMING B650-PLUS WIFI (45),Socket / CPUAM5,Form FactorATX,Memory Max128 GB,Memory Slots4,ColorBlack,(45),€177.95Add
MSI B550-A PRO (120),Socket / CPUAM4,Form FactorATX,Memory Max128 GB,Memory Slots4,ColorBlack / Silver,(120),€116.61Add
Asus TUF GAMING B850M-PLUS WIFI (11),Socket / CPUAM5,Form FactorMicro ATX,Memory Max256 GB,Memory Slots4,ColorBlack,(11),€210.91Add
Gigabyte A520I AC (25),Socket / CPUAM4,Form FactorMini ITX,Memory Max64 GB,Memory Slots2,ColorBlack,(25),€118.80Add
MSI PRO H610M-G DDR4 (10),Socket / CPULGA1700,Form FactorMicro ATX,Memory Max64 GB,Memory Slots2,ColorBlack / Silver,(10),€67.78Add
Gigabyte B850 AORUS ELITE WIFI7 ICE (16),Socket / CPUAM5,Form FactorATX,Memory Max256 GB,Memory Slots4,ColorWhite / Silver,(16),€216.95Add
MSI Z890 GAMING PLUS WIFI (2),Socket / CPULGA1851,Form FactorATX,Memory Max256 GB,Memory Slots4,ColorBlack,(2),€261.95Add
MSI PRO B550M-VC WIFI (59),Socket / CPUAM4,Form FactorMicro ATX,Memory Max128 GB,Memory Slots4,ColorBlack,(59),€205.25Add
MSI B850 GAMING PLUS WIFI6E (4),Socket / CPUAM5,Form FactorATX,Memory Max256 GB,Memory Slots4,ColorSilver,(4),€161.94Add
MSI PRO X870E-P WIFI (9),Socket / CPUAM5,Form FactorATX,Memory Max256 GB,Memory Slots4,ColorBlack / Silver,(9),€239.95Add
MSI MAG X870E TOMAHAWK WIFI (13),Socket / CPUAM5,Form FactorATX,Memory Max256 GB,Memory Slots4,ColorBlack / Green,(13),€334.90Add
ASRock B550M Pro4 (51),Socket / CPUAM4,Form FactorMicro ATX,Memory Max128 GB,Memory Slots4,ColorSilver / Black,(51),€102.69Add
ASRock B550M-HDV (6),Socket / CPUAM4,Form FactorMicro ATX,Memory Max64 GB,Memory Slots2,ColorBlack,(6),€72.98Add
Asus ROG STRIX X870E-H GAMING WIFI7 (1),Socket / CPUAM5,Form FactorATX,Memory Max256 GB,Memory Slots4,ColorBlack,(1),€418.91Add
ASRock B850M-X WiFi R2.0 (6),Socket / CPUAM5,Form FactorMicro ATX,Memory Max128 GB,Memory Slots2,ColorBlack / White,(6),€121.96Add
ASRock B450M/ac R2.0 (13),Socket / CPUAM4,Form FactorMicro ATX,Memory Max128 GB,Memory Slots4,ColorBlack / Silver,(13),€104.00Add
Asus ROG ZENITH II EXTREME ALPHA (4),Socket / CPUsTRX4,Form FactorEATX,Memory Max256 GB,Memory Slots8,ColorBlack / Silver,(4),Add
MSI PRO B850-S WIFI6E (1),Socket / CPUAM5,Form FactorATX,Memory Max256 GB,Memory Slots4,ColorBlack,(1),€155.69Add
MSI A520M-A PRO (6),Socket / CPUAM4,Form FactorMicro ATX,Memory Max64 GB,Memory Slots2,ColorBlack,(6),€55.30Add
Gigabyte B850 EAGLE WIFI6E (8),Socket / CPUAM5,Form FactorATX,Memory Max256 GB,Memory Slots4,ColorGray / Black,(8),€169.99Add
Gigabyte Z790 EAGLE AX (7),Socket / CPULGA1700,Form FactorATX,Memory Max256 GB,Memory Slots4,ColorGray / Black,(7),€175.31Add
Asus ROG CROSSHAIR X870E HERO (6),Socket / CPUAM5,Form FactorATX,Memory Max256 GB,Memory Slots4,ColorBlack,(6),€636.66Add
ASRock B550 Phantom Gaming 4/ac (10),Socket / CPUAM4,Form FactorATX,Memory Max128 GB,Memory Slots4,ColorSilver / Black,(10),€188.39Add
MSI MPG X870E CARBON WIFI (14),Socket / CPUAM5,Form FactorATX,Memory Max256 GB,Memory Slots4,ColorBlack,(14),€496.90Add
ASRock B450M PRO4 R2.0 (5),Socket / CPUAM4,Form FactorMicro ATX,Memory Max128 GB,Memory Slots4,ColorGray / Black,(5),€81.00Add
Gigabyte B850M EAGLE WIFI6E ICE (2),Socket / CPUAM5,Form FactorMicro ATX,Memory Max256 GB,Memory Slots4,ColorWhite,(2),€179.95Add
ASRock B650I Lightning Wifi (38),Socket / CPUAM5,Form FactorMini ITX,Memory Max96 GB,Memory Slots2,ColorBlack,(38),€163.69Add
MSI PRO B760M-P DDR4 (6),Socket / CPULGA1700,Form FactorMicro ATX,Memory Max128 GB,Memory Slots4,ColorBlack,(6),€101.82Add
MSI MEG X870E GODLIKE (2),Socket / CPUAM5,Form FactorEATX,Memory Max256 GB,Memory Slots4,ColorBlack,(2),€1210.75Add
Asus ROG STRIX B650E-F GAMING WIFI (62),Socket / CPUAM5,Form FactorATX,Memory Max192 GB,Memory Slots4,ColorBlack,(62),€219.22Add
Asus PRIME B650-PLUS WIFI (9),Socket / CPUAM5,Form FactorATX,Memory Max192 GB,Memory Slots4,ColorBlack / Silver,(9),€146.99Add
Asus ROG STRIX X870-I GAMING WIFI (7),Socket / CPUAM5,Form FactorMini ITX,Memory Max128 GB,Memory Slots2,ColorBlack,(7),€450.00Add
ASRock A620AM-X WiFi (0),Socket / CPUAM5,Form FactorMicro ATX,Memory Max128 GB,Memory Slots2,ColorBlack,(0),€105.69Add
MSI B450M-A PRO MAX II (8),Socket / CPUAM4,Form FactorMicro ATX,Memory Max64 GB,Memory Slots2,ColorBlack,(8),Out of stock€88.87Add
Gigabyte B550I AORUS PRO AX (93),Socket / CPUAM4,Form FactorMini ITX,Memory Max64 GB,Memory Slots2,ColorBlack / Silver,(93),€189.71Add
MSI PRO B650-S WIFI (33),Socket / CPUAM5,Form FactorATX,Memory Max192 GB,Memory Slots4,ColorBlack,(33),€175.35Add
Asus TUF GAMING X870-PLUS WIFI (10),Socket / CPUAM5,Form FactorATX,Memory Max192 GB,Memory Slots4,ColorBlack,(10),€279.89Add
Asus ROG STRIX B650E-I GAMING WIFI (76),Socket / CPUAM5,Form FactorMini ITX,Memory Max96 GB,Memory Slots2,ColorBlack,(76),€280.50Add
ASRock B550M-ITX/ac (45),Socket / CPUAM4,Form FactorMini ITX,Memory Max64 GB,Memory Slots2,ColorSilver / Black,(45),€129.83Add
ASRock B650 Steel Legend WiFi (18),Socket / CPUAM5,Form FactorATX,Memory Max256 GB,Memory Slots4,ColorWhite / Silver,(18),€173.90Add
ASRock B760M PG Riptide Wifi (7),Socket / CPULGA1700,Form FactorMicro ATX,Memory Max192 GB,Memory Slots4,ColorBlack,(7),Add
Asus ROG STRIX B650-A GAMING WIFI (62),Socket / CPUAM5,Form FactorATX,Memory Max192 GB,Memory Slots4,ColorBlack / Silver,(62),€189.00Add
Gigabyte X870E AORUS PRO ICE (21),Socket / CPUAM5,Form FactorATX,Memory Max256 GB,Memory Slots4,ColorWhite,(21),€340.99Add
Asus ROG CROSSHAIR X870E HERO BTF (1),Socket / CPUAM5,Form FactorATX,Memory Max256 GB,Memory Slots4,ColorBlack,(1),€705.90Add
ASRock A620AI WiFi (0),Socket / CPUAM5,Form FactorMini ITX,Memory Max128 GB,Memory Slots2,ColorBlack,(0),€159.96Add
Gigabyte B650M GAMING WIFI6E (2),Socket / CPUAM5,Form FactorMicro ATX,Memory Max128 GB,Memory Slots2,ColorSilver / Black,(2),€118.10Add
ASRock B650M-HDV/M.2 White (0),Socket / CPUAM5,Form FactorMicro ATX,Memory Max128 GB,Memory Slots2,ColorWhite,(0),Add
MSI B850 GAMING PLUS WIFI (5),Socket / CPUAM5,Form FactorATX,Memory Max256 GB,Memory Slots4,ColorSilver / Black,(5),€193.91Add
MSI B760 GAMING PLUS WIFI (18),Socket / CPULGA1700,Form FactorATX,Memory Max192 GB,Memory Slots4,ColorBlack / Silver,(18),€146.90Add
Gigabyte B550 GAMING X V2 (21),Socket / CPUAM4,Form FactorATX,Memory Max128 GB,Memory Slots4,ColorBlack,(21),€128.76Add
MSI MAG B550 TOMAHAWK (132),Socket / CPUAM4,Form FactorATX,Memory Max128 GB,Memory Slots4,ColorBlack / Silver,(132),€176.90Add
Gigabyte B650 AORUS ELITE AX V2 (21),Socket / CPUAM5,Form FactorATX,Memory Max192 GB,Memory Slots4,ColorBlack / Silver,(21),€217.82Add
Asus ProArt X870E-CREATOR WIFI (6),Socket / CPUAM5,Form FactorATX,Memory Max256 GB,Memory Slots4,ColorBlack / Gold,(6),€508.95Add
Gigabyte B850 GAMING WIFI6 (6),Socket / CPUAM5,Form FactorATX,Memory Max256 GB,Memory Slots4,ColorBlack / Gray,(6),€166.96Add
Gigabyte B550 AORUS ELITE AX V2 (45),Socket / CPUAM4,Form FactorATX,Memory Max128 GB,Memory Slots4,ColorBlack / Silver,(45),€151.18Add
Gigabyte X870 EAGLE WIFI7 (18),Socket / CPUAM5,Form FactorATX,Memory Max256 GB,Memory Slots4,ColorBlack,(18),€215.89Add
